movie_key,release_date_key,budget_usd,box_office_revenue_usd,profit_usd,roi,revenue_budget_multiple
mov_10_cloverfield_lane_2016_5f4fa2,20160308,15000000,108300000,93300000,6.22,7.22
mov_13_hours_the_secret_soldiers_of_benghazi_2016_10854d,20160115,45000000,69400000,24400000,0.5422222222222223,1.5422222222222222
mov_2_guns_2013_ae1a91,20130802,61000000,131900000,70900000,1.162295081967213,2.1622950819672133
mov_21_jump_street_2012_bf48d9,20120316,55000000,201500000,146500000,2.6636363636363636,3.6636363636363636
mov_22_jump_street_2014_4fc280,20140604,84500000,331300000,246800000,2.9207100591715975,3.9207100591715975
mov_300_rise_of_an_empire_2014_0dc971,20140304,110000000,337600000,227600000,2.069090909090909,3.069090909090909
mov_42_2013_16c560,20130412,40000000,97500000,57500000,1.4375,2.4375
mov_71_2014_525029,20140207,8100000,2900000,-5200000,-0.6419753086419753,0.35802469135802467
mov_90_minutes_in_heaven_2015_051046,20150911,5000000,4800000,-200000,-0.04,0.96
mov_a_good_day_to_die_hard_2013_307efc,20130214,92000000,304700000,212700000,2.3119565217391305,3.3119565217391305
mov_a_haunted_house_2013_4f3e9c,20130111,2500000,60100000,57600000,23.04,24.04
mov_a_haunted_house_2_2014_fb42ab,20140418,4000000,24000000,20000000,5.0,6.0
mov_a_long_way_down_2014_c8904e,20140210,22700000,7100000,-15600000,-0.6872246696035242,0.31277533039647576
mov_a_most_violent_year_2014_02b971,20141106,20000000,12000000,-8000000,-0.4,0.6
mov_a_most_wanted_man_2014_97e912,20140119,15000000,36200000,21200000,1.4133333333333333,2.4133333333333336
mov_a_thousand_words_2012_8efb4b,20120309,40000000,22000000,-18000000,-0.45,0.55
mov_a_walk_among_the_tombstones_2014_b51555,20140919,28000000,58800000,30800000,1.1,2.1
mov_a_walk_in_the_woods_2015_d9f968,20150123,8000000,36000000,28000000,3.5,4.5
mov_abraham_lincoln_vampire_hunter_2012_fb9c6b,20120622,99500000,116400000,16900000,0.16984924623115577,1.1698492462311558
mov_after_earth_2013_4bc5f5,20130531,130000000,243800000,113800000,0.8753846153846154,1.8753846153846154
mov_ain_t_them_bodies_saints_2013_f1b66b,20130816,4000000,1000000,-3000000,-0.75,0.25
mov_alex_cross_2012_9eb102,20121019,35000000,34600000,-400000,-0.011428571428571429,0.9885714285714285
mov_aloha_2015_380291,20150527,52000000,26300000,-25700000,-0.49423076923076925,0.5057692307692307
mov_alvin_and_the_chipmunks_the_road_chip_2015_1d0bd5,20151218,90000000,234800000,144800000,1.6088888888888888,2.608888888888889
mov_american_reunion_2012_97ec37,20120406,50000000,235000000,185000000,3.7,4.7
mov_american_sniper_2014_640191,20141111,58800000,547400000,488600000,8.30952380952381,9.30952380952381
mov_american_ultra_2015_5ac194,20150821,28000000,27100000,-900000,-0.03214285714285714,0.9678571428571429
mov_amy_2015_f544da,20150616,3400000,22000000,18600000,5.470588235294118,6.470588235294118
mov_annabelle_2014_a961b5,20140926,6500000,256900000,250400000,38.52307692307692,39.52307692307692
mov_annie_2014_1cec51,20141207,65000000,133800000,68800000,1.0584615384615386,2.0584615384615383
mov_ant_man_2015_56d6a9,20150629,130000000,519400000,389400000,2.9953846153846153,3.9953846153846153
mov_argo_2012_c29beb,20121012,44500000,232300000,187800000,4.2202247191011235,5.2202247191011235
mov_as_above_so_below_2014_e0c821,20140829,5000000,5000000,0,0.0,1.0
mov_bad_moms_2016_2d6a46,20160729,20000000,124200000,104200000,5.21,6.21
mov_barbershop_the_next_cut_2016_585bf8,20160415,20000000,55000000,35000000,1.75,2.75
mov_batman_v_superman_dawn_of_justice_2016_269bdd,20160319,250000000,872700000,622700000,2.4908,3.4908
mov_batman_the_killing_joke_2016_ecfe32,20160725,3500000,4400000,900000,0.2571428571428571,1.2571428571428571
mov_battle_of_the_year_2013_855bf1,20130920,20000000,16500000,-3500000,-0.175,0.825
mov_battleship_2012_fa7567,20120518,220000000,303000000,83000000,0.37727272727272726,1.3772727272727272
mov_beasts_of_the_southern_wild_2012_29bc99,20120627,1800000,21900000,20100000,11.166666666666666,12.166666666666666
mov_beautiful_creatures_2013_906f85,20130214,60000000,60100000,100000,0.0016666666666666668,1.0016666666666667
mov_before_i_go_to_sleep_2014_62f00d,20140904,22000000,15100000,-6900000,-0.31363636363636366,0.6863636363636364
mov_ben_hur_2016_1c95df,20160819,100000000,41400000,-58600000,-0.586,0.414
mov_beyond_the_lights_2014_1af34b,20140906,7000000,14600000,7600000,1.0857142857142856,2.085714285714286
mov_big_eyes_2014_928a9a,20141225,10000000,29300000,19300000,1.93,2.93
mov_black_mass_2015_89e027,20150904,53000000,99800000,46800000,0.8830188679245283,1.8830188679245283
mov_blackhat_2015_c96081,20150108,70000000,19700000,-50300000,-0.7185714285714285,0.2814285714285714
mov_blended_2014_ca708e,20140523,40000000,128000000,88000000,2.2,3.2
mov_blue_jasmine_2013_af8735,20130726,18000000,97500000,79500000,4.416666666666667,5.416666666666667
mov_boyhood_2014_62596f,20140119,4000000,44500000,40500000,10.125,11.125
mov_brick_mansions_2014_d18618,20140423,23000000,69000000,46000000,2.0,3.0
mov_bridge_of_spies_2015_8f66b7,20151004,40000000,165500000,125500000,3.1375,4.1375
mov_brooklyn_2015_bcdc9f,20150126,11000000,62100000,51100000,4.6454545454545455,5.6454545454545455
mov_bullet_to_the_head_2013_30481b,20130201,55000000,21900000,-33100000,-0.6018181818181818,0.3981818181818182
mov_burnt_2015_507a0d,20151006,20000000,36600000,16600000,0.83,1.83
mov_by_the_sea_2015_6ac30b,20151105,10000000,3300000,-6700000,-0.67,0.33
mov_captain_america_the_winter_soldier_2014_8971fc,20140313,170000000,714400000,544400000,3.2023529411764704,4.20235294117647
mov_captive_2015_6f4c02,20150918,2000000,2800000,800000,0.4,1.4
mov_carol_2015_5edad6,20150517,11800000,40300000,28500000,2.4152542372881354,3.4152542372881354
mov_central_intelligence_2016_2164c6,20160610,50000000,212200000,162200000,3.244,4.244
mov_cesar_chavez_2014_daf024,20140212,10000000,6700000,-3300000,-0.33,0.67
mov_chappie_2015_8e2e2f,20150304,49000000,102100000,53100000,1.083673469387755,2.083673469387755
mov_chasing_mavericks_2012_e6ec2e,20121026,20000000,8300000,-11700000,-0.585,0.415
mov_chef_2014_030731,20140307,11000000,46000000,35000000,3.1818181818181817,4.181818181818182
mov_chernobyl_diaries_2012_c7a4bc,20120525,1000000,37200000,36200000,36.2,37.2
mov_child_44_2015_ce1226,20150417,50000000,13000000,-37000000,-0.74,0.26
mov_chronicle_2012_645a38,20120203,12000000,126600000,114600000,9.55,10.55
mov_cloud_atlas_2012_7d8300,20121026,128500000,130500000,2000000,0.01556420233463035,1.0155642023346303
mov_cloudy_with_a_chance_of_meatballs_2_2013_c6673d,20130927,78000000,274300000,196300000,2.5166666666666666,3.5166666666666666
mov_concussion_2015_4ea3d7,20151225,57000000,50300000,-6700000,-0.11754385964912281,0.8824561403508772
mov_creed_2015_9f59bf,20151125,40000000,173600000,133600000,3.34,4.34
mov_criminal_2016_8fa756,20160415,31500000,35600000,4100000,0.13015873015873017,1.1301587301587301
mov_crimson_peak_2015_4dadaa,20151016,55000000,74700000,19700000,0.35818181818181816,1.3581818181818182
mov_daddy_s_home_2015_30daa2,20151225,69000000,240400000,171400000,2.4840579710144928,3.4840579710144928
mov_danny_collins_2015_4772c9,20150320,10000000,8200000,-1800000,-0.18,0.82
mov_dark_shadows_2012_de572a,20120511,150000000,245500000,95500000,0.6366666666666667,1.6366666666666667
mov_dark_skies_2013_02985d,20130222,3500000,26400000,22900000,6.542857142857143,7.542857142857143
mov_dawn_of_the_planet_of_the_apes_2014_cedf6e,20140626,235000000,710600000,475600000,2.0238297872340425,3.0238297872340425
mov_dead_man_down_2013_6071e9,20130308,30000000,18100000,-11900000,-0.39666666666666667,0.6033333333333334
mov_deadpool_2016_c3e82c,20160208,58000000,782600000,724600000,12.493103448275862,13.493103448275862
mov_declaration_of_war_2012_f92177,20120127,1500000,6500000,5000000,3.3333333333333335,4.333333333333333
mov_deliver_us_from_evil_2014_6ec673,20140702,30000000,87900000,57900000,1.93,2.93
mov_despicable_me_2_2013_f75bad,20130620,76000000,970800000,894800000,11.773684210526316,12.773684210526316
mov_devil_s_due_2014_e63df5,20140117,7000000,36900000,29900000,4.271428571428571,5.271428571428571
mov_diary_of_a_wimpy_kid_dog_days_2012_dfdbcd,20120803,22000000,77100000,55100000,2.5045454545454544,3.5045454545454544
mov_divergent_2014_9d9086,20140318,85000000,288900000,203900000,2.398823529411765,3.398823529411765
mov_django_unchained_2012_88151e,20121225,100000000,425400000,325400000,3.254,4.254
mov_dolphin_tale_2_2014_73f362,20140912,36000000,57800000,21800000,0.6055555555555555,1.6055555555555556
mov_don_t_breathe_2016_2393a2,20160826,9900000,28300000,18400000,1.8585858585858586,2.8585858585858586
mov_dr_seuss_the_lorax_2012_9a3a1a,20120302,70000000,348800000,278800000,3.9828571428571427,4.982857142857143
mov_dracula_untold_2014_0fcca7,20141010,70000000,217100000,147100000,2.1014285714285714,3.1014285714285714
mov_draft_day_2014_3a5a72,20140407,25000000,29500000,4500000,0.18,1.18
mov_dragon_blade_2015_e901c6,20150218,65000000,120000000,55000000,0.8461538461538461,1.8461538461538463
mov_dumb_and_dumber_to_2014_46dff2,20141114,50000000,169800000,119800000,2.396,3.396
mov_earth_to_echo_2014_4eec0e,20140614,13000000,45300000,32300000,2.4846153846153847,3.4846153846153847
mov_eddie_the_eagle_2016_0be4f1,20160226,23000000,46200000,23200000,1.008695652173913,2.008695652173913
mov_edge_of_tomorrow_2014_f531e0,20140528,178000000,370500000,192500000,1.0814606741573034,2.081460674157303
mov_elysium_2013_493f77,20130809,115000000,286100000,171100000,1.4878260869565216,2.4878260869565216
mov_embrace_of_the_serpent_2015_fb36c6,20150515,1400000,2800000,1400000,1.0,2.0
mov_end_of_watch_2012_81af36,20120921,7000000,48100000,41100000,5.871428571428571,6.871428571428571
mov_enough_said_2013_300526,20130920,8000000,25300000,17300000,2.1625,3.1625
mov_entourage_2015_84cff6,20150527,39000000,49300000,10300000,0.2641025641025641,1.264102564102564
mov_epic_2013_76b8e8,20130524,93000000,268400000,175400000,1.886021505376344,2.8860215053763443
mov_escape_from_planet_earth_2013_de734a,20130215,40000000,74600000,34600000,0.865,1.865
mov_evil_dead_2013_875f90,20130405,17000000,97500000,80500000,4.735294117647059,5.735294117647059
mov_ex_machina_2015_bb588c,20150121,15000000,36900000,21900000,1.46,2.46
mov_eye_in_the_sky_2015_a5fee5,20150911,13000000,32800000,19800000,1.523076923076923,2.523076923076923
mov_fantastic_four_2015_19e0e8,20150804,120000000,168000000,48000000,0.4,1.4
mov_fast_furious_6_2013_8eba99,20130517,160000000,788700000,628700000,3.929375,4.929375
mov_flight_2012_14d22d,20121102,31000000,161800000,130800000,4.219354838709678,5.219354838709678
mov_florence_foster_jenkins_2016_44ecdf,20160427,19000000,31700000,12700000,0.6684210526315789,1.668421052631579
mov_frances_ha_2013_dc1053,20130517,3000000,11300000,8300000,2.7666666666666666,3.7666666666666666
mov_free_state_of_jones_2016_8471ed,20160616,50000000,21200000,-28800000,-0.576,0.424
mov_friends_with_kids_2012_2e614b,20120309,10000000,12200000,2200000,0.22,1.22
mov_fun_size_2012_725b1a,20121026,14000000,11400000,-2600000,-0.18571428571428572,0.8142857142857143
mov_fury_2014_300bf7,20141015,68000000,211800000,143800000,2.114705882352941,3.114705882352941
mov_g_i_joe_retaliation_2013_8b589f,20130327,130000000,375700000,245700000,1.89,2.89
mov_gangster_squad_2013_346223,20130111,75000000,105200000,30200000,0.4026666666666667,1.4026666666666667
mov_get_hard_2015_bbebbf,20150327,40000000,111800000,71800000,1.795,2.795
mov_get_on_up_2014_9599d8,20140801,30000000,33400000,3400000,0.11333333333333333,1.1133333333333333
mov_getaway_2013_4c3919,20130830,18000000,11800000,-6200000,-0.34444444444444444,0.6555555555555556
mov_ghost_rider_spirit_of_vengeance_2012_c0a458,20120217,57000000,132600000,75600000,1.3263157894736841,2.3263157894736843
mov_ghostbusters_2016_c99caa,20160715,144000000,217500000,73500000,0.5104166666666666,1.5104166666666667
mov_god_s_not_dead_2014_d557b0,20140321,2000000,62600000,60600000,30.3,31.3
mov_god_s_not_dead_2_2016_46018f,20160401,5000000,23500000,18500000,3.7,4.7
mov_gods_of_egypt_2016_cc0090,20160225,140000000,145700000,5700000,0.04071428571428572,1.0407142857142857
mov_godzilla_2014_92550e,20140508,160000000,529000000,369000000,2.30625,3.30625
mov_gone_girl_2014_643b4f,20140926,61000000,369300000,308300000,5.054098360655738,6.054098360655738
mov_good_deeds_2012_6c8c52,20120224,14000000,35600000,21600000,1.542857142857143,2.5428571428571427
mov_goosebumps_2015_f355f4,20151005,84000000,150200000,66200000,0.7880952380952381,1.7880952380952382
mov_grown_ups_2_2013_6361d1,20130712,80000000,247000000,167000000,2.0875,3.0875
mov_hail_caesar_2016_cbe22d,20160205,22000000,22000000,0,0.0,1.0
mov_hands_of_stone_2016_d7dea3,20160826,20000000,1700000,-18300000,-0.915,0.085
mov_hansel_and_gretel_witch_hunters_2013_d67e80,20130117,50000000,226300000,176300000,3.526,4.526
mov_heaven_is_for_real_2014_cc80ab,20140416,12000000,101300000,89300000,7.441666666666666,8.441666666666666
mov_here_comes_the_boom_2012_10c9d2,20121012,42000000,73100000,31100000,0.7404761904761905,1.7404761904761905
mov_hit_and_run_2012_361236,20120822,2000000,14500000,12500000,6.25,7.25
mov_hitman_agent_47_2015_4eb014,20150821,35000000,82300000,47300000,1.3514285714285714,2.3514285714285714
mov_home_2015_a464a3,20150307,135000000,386000000,251000000,1.8592592592592592,2.859259259259259
mov_hope_springs_2012_aa8fa4,20120808,30000000,114300000,84300000,2.81,3.81
mov_horrible_bosses_2_2014_04bc60,20141126,57000000,107700000,50700000,0.8894736842105263,1.8894736842105264
mov_hot_pursuit_2015_5d2ba0,20150508,35000000,51700000,16700000,0.47714285714285715,1.477142857142857
mov_hotel_transylvania_2012_ec552c,20120928,85000000,358400000,273400000,3.216470588235294,4.216470588235294
mov_hotel_transylvania_2_2015_424e59,20150925,80000000,473000000,393000000,4.9125,5.9125
mov_how_to_train_your_dragon_2_2014_9abc6b,20140516,145000000,621500000,476500000,3.286206896551724,4.286206896551724
mov_i_2015_3650ce,20150114,15000000,65000000,50000000,3.3333333333333335,4.333333333333333
mov_i_saw_the_light_2015_c0bfa8,20150911,13000000,2600000,-10400000,-0.8,0.2
mov_ice_age_collision_course_2016_31fea1,20160722,105000000,368300000,263300000,2.5076190476190474,3.5076190476190474
mov_ice_age_continental_drift_2012_1a5c9b,20120713,95000000,877000000,782000000,8.23157894736842,9.23157894736842
mov_identity_thief_2013_fca51d,20130208,35000000,174000000,139000000,3.9714285714285715,4.9714285714285715
mov_if_i_stay_2014_406424,20140818,11000000,78900000,67900000,6.172727272727273,7.172727272727273
mov_in_the_heart_of_the_sea_2015_d9ea12,20151211,100000000,93900000,-6100000,-0.061,0.939
mov_independence_day_resurgence_2016_83754e,20160620,165000000,382300000,217300000,1.316969696969697,2.316969696969697
mov_insidious_chapter_2_2013_47cf9f,20130913,5000000,161900000,156900000,31.38,32.38
mov_insidious_chapter_3_2015_940b98,20150605,11000000,113000000,102000000,9.272727272727273,10.272727272727273
mov_interstellar_2014_7becf7,20141026,165000000,675100000,510100000,3.0915151515151513,4.091515151515152
mov_into_the_storm_2014_55ac4f,20140808,50000000,161700000,111700000,2.234,3.234
mov_iron_sky_2012_b7610c,20120725,7500000,8100000,600000,0.08,1.08
mov_irrational_man_2015_9c9007,20150516,11000000,27400000,16400000,1.490909090909091,2.4909090909090907
mov_jack_reacher_2012_35a638,20121221,60000000,218300000,158300000,2.638333333333333,3.638333333333333
mov_jack_ryan_shadow_recruit_2014_5602d3,20140115,60000000,135500000,75500000,1.2583333333333333,2.2583333333333333
mov_jane_got_a_gun_2016_535baf,20160129,25000000,3000000,-22000000,-0.88,0.12
mov_jason_bourne_2016_577c72,20160729,120000000,347900000,227900000,1.8991666666666667,2.8991666666666664
mov_jeff_who_lives_at_home_2012_a13b75,20120316,7500000,7500000,0,0.0,1.0
mov_jem_and_the_holograms_2015_90827b,20151023,5000000,2300000,-2700000,-0.54,0.46
mov_jersey_boys_2014_7ea185,20140605,58600000,67700000,9100000,0.1552901023890785,1.1552901023890785
mov_jobs_2013_fb5775,20130816,12000000,35900000,23900000,1.9916666666666667,2.9916666666666667
mov_john_wick_2014_33c569,20141013,20000000,86000000,66000000,3.3,4.3
mov_journey_2_the_mysterious_island_2012_06583c,20120210,79000000,335300000,256300000,3.2443037974683544,4.244303797468355
mov_joy_2015_f5c55c,20151225,60000000,101100000,41100000,0.685,1.685
mov_keanu_2016_6e88b6,20160429,15000000,20700000,5700000,0.38,1.38
mov_kill_the_messenger_2014_00d3d4,20141010,5000000,2500000,-2500000,-0.5,0.5
mov_killing_them_softly_2012_f9ece3,20121130,15000000,37900000,22900000,1.5266666666666666,2.526666666666667
mov_kingsman_the_secret_service_2014_ca649f,20141213,94000000,414400000,320400000,3.4085106382978725,4.408510638297872
mov_krampus_2015_7de987,20151204,15000000,61500000,46500000,3.1,4.1
mov_kubo_and_the_two_strings_2016_092896,20160819,60000000,27600000,-32400000,-0.54,0.46
mov_kung_fu_panda_3_2016_2a837a,20160123,145000000,519900000,374900000,2.58551724137931,3.58551724137931
mov_lazer_team_2016_52b138,20160127,2400000,1600000,-800000,-0.3333333333333333,0.6666666666666666
mov_left_behind_2014_988e60,20141003,16000000,27600000,11600000,0.725,1.725
mov_les_miserables_2012_7386b1,20121225,61000000,441800000,380800000,6.242622950819672,7.242622950819672
mov_let_s_be_cops_2014_0e5b2f,20140813,17000000,138200000,121200000,7.129411764705883,8.129411764705882
mov_life_of_pi_2012_15308e,20121121,120000000,609000000,489000000,4.075,5.075
mov_lights_out_2016_30d411,20160722,4900000,125900000,121000000,24.693877551020407,25.693877551020407
mov_lincoln_2012_4572a3,20121109,65000000,275300000,210300000,3.2353846153846155,4.235384615384615
mov_little_boy_2015_b161af,20150424,20000000,17500000,-2500000,-0.125,0.875
mov_lockout_2012_08bce6,20120413,20000000,32200000,12200000,0.61,1.61
mov_london_has_fallen_2016_780ddb,20160304,60000000,195700000,135700000,2.2616666666666667,3.2616666666666667
mov_looper_2012_c4a7ef,20120928,30000000,176500000,146500000,4.883333333333334,5.883333333333334
mov_love_the_coopers_2015_f9a234,20151104,24000000,41100000,17100000,0.7125,1.7125
mov_lucy_2014_f15b83,20140725,40000000,463400000,423400000,10.585,11.585
mov_mad_max_fury_road_2015_3b2302,20150507,150000000,378400000,228400000,1.5226666666666666,2.522666666666667
mov_madagascar_3_europe_s_most_wanted_2012_d89227,20120608,145000000,746900000,601900000,4.151034482758621,5.151034482758621
mov_magic_in_the_moonlight_2014_dcf7d6,20140725,16800000,51000000,34200000,2.0357142857142856,3.0357142857142856
mov_mama_2013_027573,20130118,15000000,146400000,131400000,8.76,9.76
mov_man_of_steel_2013_918825,20130614,225000000,668000000,443000000,1.968888888888889,2.968888888888889
mov_man_on_a_ledge_2012_d2c118,20120127,42000000,46200000,4200000,0.1,1.1
mov_max_2015_08d2bd,20150626,20000000,44000000,24000000,1.2,2.2
mov_maze_runner_the_scorch_trials_2015_6b7acf,20150918,61000000,312300000,251300000,4.119672131147541,5.119672131147541
mov_me_and_earl_and_the_dying_girl_2015_876218,20150125,8000000,9100000,1100000,0.1375,1.1375
mov_me_before_you_2016_504044,20160603,20000000,196200000,176200000,8.81,9.81
mov_mechanic_resurrection_2016_6d0d6a,20160826,40000000,7500000,-32500000,-0.8125,0.1875
mov_men_in_black_3_2012_17a291,20120525,215000000,624000000,409000000,1.9023255813953488,2.902325581395349
mov_midnight_special_2016_72b12a,20160212,18000000,6200000,-11800000,-0.6555555555555556,0.34444444444444444
mov_miracles_from_heaven_2016_885627,20160316,13000000,73600000,60600000,4.661538461538462,5.661538461538462
mov_mirror_mirror_2012_f3342d,20120330,85000000,183000000,98000000,1.1529411764705881,2.152941176470588
mov_mission_impossible_rogue_nation_2015_695740,20150723,150000000,682300000,532300000,3.5486666666666666,4.548666666666667
mov_moms_night_out_2014_0f1575,20140509,5000000,10500000,5500000,1.1,2.1
mov_money_monster_2016_18ea53,20160513,27000000,93100000,66100000,2.448148148148148,3.448148148148148
mov_monster_hunt_2016_7aa9aa,20160122,56000000,385200000,329200000,5.878571428571429,6.878571428571429
mov_moonrise_kingdom_2012_7b6ff4,20120525,16000000,68300000,52300000,3.26875,4.26875
mov_mortdecai_2015_f47159,20150123,60000000,47000000,-13000000,-0.21666666666666667,0.7833333333333333
mov_mother_s_day_2016_9a3870,20160413,25000000,43800000,18800000,0.752,1.752
mov_mr_peabody_sherman_2014_11692b,20140207,145000000,275700000,130700000,0.9013793103448275,1.9013793103448275
mov_mud_2013_5ee5cd,20130426,10000000,32600000,22600000,2.26,3.26
mov_mustang_2015_4fb3d7,20150519,1300000,4900000,3600000,2.769230769230769,3.769230769230769
mov_my_all_american_2015_5bb9e0,20151113,20000000,2200000,-17800000,-0.89,0.11
mov_my_big_fat_greek_wedding_2_2016_660996,20160325,18000000,88900000,70900000,3.938888888888889,4.938888888888889
mov_need_for_speed_2014_4e3e0e,20140312,65000000,203300000,138300000,2.1276923076923078,3.1276923076923078
mov_neighbors_2014_b4ab19,20140308,18000000,270700000,252700000,14.03888888888889,15.03888888888889
mov_neighbors_2_sorority_rising_2016_54f827,20160520,35000000,107900000,72900000,2.0828571428571427,3.0828571428571427
mov_nerve_2016_541a5e,20160727,20000000,47600000,27600000,1.38,2.38
mov_night_at_the_museum_secret_of_the_tomb_2014_b69f46,20141211,127000000,363200000,236200000,1.8598425196850394,2.8598425196850394
mov_nightcrawler_2014_d9e1d3,20140905,8500000,50300000,41800000,4.91764705882353,5.91764705882353
mov_nine_lives_2016_d3d7ff,20160805,30000000,19100000,-10900000,-0.36333333333333334,0.6366666666666667
mov_no_escape_2015_29da91,20150817,5000000,54400000,49400000,9.88,10.88
mov_no_good_deed_2014_24b5b0,20140912,13200000,54300000,41100000,3.1136363636363638,4.113636363636363
mov_no_one_lives_2013_78e50a,20130510,2900000,1000000,-1900000,-0.6551724137931034,0.3448275862068966
mov_noah_2014_3e5ed3,20140310,125000000,362600000,237600000,1.9008,2.9008
mov_non_stop_2014_9c6570,20140127,50000000,222800000,172800000,3.456,4.456
mov_now_you_see_me_2013_7b81f2,20130531,75000000,351700000,276700000,3.6893333333333334,4.689333333333333
mov_now_you_see_me_2_2016_27bc92,20160606,90000000,320900000,230900000,2.5655555555555556,3.5655555555555556
mov_oblivion_2013_d1467e,20130410,120000000,286200000,166200000,1.385,2.385
mov_olympus_has_fallen_2013_2f69ac,20130322,70000000,161000000,91000000,1.3,2.3
mov_one_direction_this_is_us_2013_ffbbd0,20130829,10000000,68500000,58500000,5.85,6.85
mov_one_for_the_money_2012_9407cb,20120127,40000000,36900000,-3100000,-0.0775,0.9225
mov_ouija_2014_d39cb5,20141024,5000000,103600000,98600000,19.72,20.72
mov_our_brand_is_crisis_2015_45794a,20150911,28000000,8600000,-19400000,-0.6928571428571428,0.30714285714285716
mov_pacific_rim_2013_3a8452,20130712,190000000,411000000,221000000,1.1631578947368422,2.163157894736842
mov_pain_gain_2013_ad6f5b,20130426,26000000,86200000,60200000,2.3153846153846156,3.3153846153846156
mov_pan_2015_a9f172,20150930,150000000,128400000,-21600000,-0.144,0.856
mov_paper_towns_2015_3b0759,20150724,12000000,85500000,73500000,6.125,7.125
mov_paranormal_activity_4_2012_e85b85,20121019,5000000,142800000,137800000,27.56,28.56
mov_paranormal_activity_the_ghost_dimension_2015_49c3d9,20151023,10000000,78100000,68100000,6.81,7.81
mov_paranorman_2012_a3ffee,20120817,60000000,107100000,47100000,0.785,1.785
mov_parental_guidance_2012_adc01c,20121225,25000000,119800000,94800000,3.792,4.792
mov_parker_2013_95b36c,20130125,35000000,48500000,13500000,0.38571428571428573,1.3857142857142857
mov_paul_blart_mall_cop_2_2015_5478ca,20150417,40000000,107600000,67600000,1.69,2.69
mov_pawn_sacrifice_2015_087423,20150911,19000000,5400000,-13600000,-0.7157894736842105,0.28421052631578947
mov_penguins_of_madagascar_2014_ed77e7,20141114,132000000,373000000,241000000,1.8257575757575757,2.8257575757575757
mov_people_like_us_2012_2647e7,20120629,16000000,12400000,-3600000,-0.225,0.775
mov_percy_jackson_sea_of_monsters_2013_e0d608,20130807,90000000,202200000,112200000,1.2466666666666666,2.2466666666666666
mov_pitch_perfect_2012_0a82a6,20121005,17000000,115400000,98400000,5.788235294117647,6.788235294117647
mov_pitch_perfect_2_2015_3074f1,20150420,29000000,287100000,258100000,8.9,9.9
mov_pixels_2015_10b706,20150724,129000000,244900000,115900000,0.8984496124031007,1.8984496124031007
mov_point_break_2015_782b79,20151225,105000000,133700000,28700000,0.2733333333333333,1.2733333333333334
mov_polis_evo_2015_30b089,20150917,2400000,17300000,14900000,6.208333333333333,7.208333333333333
mov_poltergeist_2015_5ee318,20150522,35000000,95400000,60400000,1.7257142857142858,2.7257142857142855
mov_pompeii_2014_5f04c8,20140218,80000000,117800000,37800000,0.4725,1.4725
mov_popstar_never_stop_never_stopping_2016_dbd047,20160603,20000000,9500000,-10500000,-0.525,0.475
mov_premium_rush_2012_8b4476,20120824,35000000,31100000,-3900000,-0.11142857142857143,0.8885714285714286
mov_pride_and_prejudice_and_zombies_2016_dcca56,20160205,28000000,16400000,-11600000,-0.4142857142857143,0.5857142857142857
mov_prisoners_2013_a310f7,20130920,46000000,122100000,76100000,1.6543478260869566,2.6543478260869566
mov_project_almanac_2015_a8bbb5,20150130,12000000,33200000,21200000,1.7666666666666666,2.7666666666666666
mov_project_x_2012_90bb1d,20120302,12000000,102700000,90700000,7.558333333333334,8.558333333333334
mov_prometheus_2012_e30a77,20120608,130000000,403400000,273400000,2.103076923076923,3.103076923076923
mov_promised_land_2012_504c2c,20121228,15000000,8100000,-6900000,-0.46,0.54
mov_r_i_p_d_2013_d2f3f7,20130719,130000000,78300000,-51700000,-0.3976923076923077,0.6023076923076923
mov_race_2016_ee9a3b,20160219,5000000,23500000,18500000,3.7,4.7
mov_raiders_of_the_lost_ark_the_imax_experience_2012_a05c3b,20120907,18000000,389900000,371900000,20.66111111111111,21.66111111111111
mov_rams_2015_c971a1,20150515,1750000,1740000,-10000,-0.005714285714285714,0.9942857142857143
mov_ratchet_clank_2016_e70783,20160429,20000000,12800000,-7200000,-0.36,0.64
mov_red_2_2013_edce70,20130719,84000000,148100000,64100000,0.763095238095238,1.763095238095238
mov_red_dawn_2012_86bea2,20121121,65000000,48100000,-16900000,-0.26,0.74
mov_red_tails_2012_7c3726,20120120,58000000,50400000,-7600000,-0.1310344827586207,0.8689655172413793
mov_resident_evil_retribution_2012_8cc73b,20120914,65000000,240200000,175200000,2.6953846153846155,3.6953846153846155
mov_ricki_and_the_flash_2015_5f8709,20150807,18000000,41300000,23300000,1.2944444444444445,2.2944444444444443
mov_riddick_2013_156a52,20130906,40000000,100300000,60300000,1.5075,2.5075
mov_ride_along_2014_b6c489,20140117,25000000,154500000,129500000,5.18,6.18
mov_ride_along_2_2016_37e4cb,20160115,40000000,124200000,84200000,2.105,3.105
mov_rio_2_2014_dbcb3e,20140320,103000000,500100000,397100000,3.855339805825243,4.855339805825243
mov_rise_of_the_guardians_2012_c114ac,20121121,145000000,306900000,161900000,1.116551724137931,2.1165517241379312
mov_risen_2016_9fceaf,20160219,20000000,46100000,26100000,1.305,2.305
mov_robocop_2014_ffe5b8,20140130,100000000,242700000,142700000,1.427,2.427
mov_robot_frank_2012_97f882,20120817,2500000,4900000,2400000,0.96,1.96
mov_rock_of_ages_2012_750ea7,20120615,75000000,59400000,-15600000,-0.208,0.792
mov_rock_the_kasbah_2015_5508d2,20151022,15000000,3400000,-11600000,-0.7733333333333333,0.22666666666666666
mov_romeo_and_juliet_2013_e61ff0,20130726,15000000,3000000,-12000000,-0.8,0.2
mov_room_2015_239643,20150904,13000000,36000000,23000000,1.7692307692307692,2.769230769230769
mov_run_all_night_2015_25f115,20150313,61600000,71700000,10100000,0.16396103896103897,1.1639610389610389
mov_runner_runner_2013_e3f20c,20130927,30000000,30000000,0,0.0,1.0
mov_rush_2013_0af034,20130920,38000000,90200000,52200000,1.3736842105263158,2.373684210526316
mov_sabotage_2014_6740b9,20140319,35000000,17500000,-17500000,-0.5,0.5
mov_safe_house_2012_9be096,20120210,85000000,208100000,123100000,1.448235294117647,2.448235294117647
mov_salmon_fishing_in_the_yemen_2012_8b0129,20120309,14400000,34600000,20200000,1.4027777777777777,2.4027777777777777
mov_savages_2012_50f640,20120706,45000000,83000000,38000000,0.8444444444444444,1.8444444444444446
mov_scary_movie_5_2013_6f1508,20130412,20000000,78400000,58400000,2.92,3.92
mov_secret_in_their_eyes_2015_d75282,20151120,19500000,32200000,12700000,0.6512820512820513,1.6512820512820512
mov_self_less_2015_6f2ca7,20150710,26000000,30500000,4500000,0.17307692307692307,1.1730769230769231
mov_selma_2014_fa31d5,20141225,20000000,66800000,46800000,2.34,3.34
mov_seventh_son_2014_7ecefa,20141217,95000000,114200000,19200000,0.20210526315789473,1.2021052631578948
mov_shaun_the_sheep_movie_2015_7667ea,20150124,25000000,106000000,81000000,3.24,4.24
mov_sicario_2015_7b0c81,20150519,30000000,84900000,54900000,1.83,2.83
mov_side_effects_2013_be27d4,20130208,30000000,66700000,36700000,1.2233333333333334,2.223333333333333
mov_silent_hill_revelation_3d_2012_5b4bee,20121026,20000000,52300000,32300000,1.615,2.615
mov_silver_linings_playbook_2012_be98c4,20121116,21000000,236400000,215400000,10.257142857142858,11.257142857142858
mov_sin_city_a_dame_to_kill_for_2014_d0f66f,20140819,65000000,39400000,-25600000,-0.39384615384615385,0.6061538461538462
mov_sinister_2012_f06ca3,20121012,3000000,77700000,74700000,24.9,25.9
mov_sinister_2_2015_b9bfcd,20150821,10000000,52900000,42900000,4.29,5.29
mov_sisters_2015_437881,20151218,30000000,105000000,75000000,2.5,3.5
mov_snitch_2013_234675,20130222,15000000,57800000,42800000,2.8533333333333335,3.8533333333333335
mov_snow_white_and_the_huntsman_2012_3b1e2b,20120601,170000000,396600000,226600000,1.3329411764705883,2.3329411764705883
mov_son_of_god_2014_faf0fb,20140228,22000000,67800000,45800000,2.081818181818182,3.081818181818182
mov_son_of_saul_2015_ba2951,20150515,1500000,6200000,4700000,3.1333333333333333,4.133333333333334
mov_southpaw_2015_9e20f9,20150615,30000000,92000000,62000000,2.066666666666667,3.066666666666667
mov_spotlight_2015_f3030a,20150903,20000000,88300000,68300000,3.415,4.415
mov_spy_2015_5328fa,20150515,65000000,235700000,170700000,2.626153846153846,3.626153846153846
mov_st_vincent_2014_ad652a,20140905,13000000,54800000,41800000,3.2153846153846155,4.2153846153846155
mov_stand_by_me_doraemon_2014_0e268b,20140808,35000000,196400000,161400000,4.611428571428571,5.611428571428571
mov_star_trek_beyond_2016_792874,20160722,185000000,243000000,58000000,0.31351351351351353,1.3135135135135134
mov_step_up_all_in_2014_ab9fdd,20140808,45000000,86200000,41200000,0.9155555555555556,1.9155555555555555
mov_steve_jobs_2015_26b3db,20150905,30000000,34400000,4400000,0.14666666666666667,1.1466666666666667
mov_straight_outta_compton_2015_ec0225,20150811,50000000,201600000,151600000,3.032,4.032
mov_suffragette_2015_5b13af,20150904,14000000,32000000,18000000,1.2857142857142858,2.2857142857142856
mov_suicide_squad_2016_945a24,20160805,175000000,636700000,461700000,2.6382857142857143,3.6382857142857143
mov_taken_2_2012_7cbd9e,20121005,43000000,376100000,333100000,7.746511627906977,8.746511627906976
mov_tammy_2014_98c103,20140702,20000000,100500000,80500000,4.025,5.025
mov_ted_2012_37a7e0,20120629,51000000,549400000,498400000,9.772549019607844,10.772549019607844
mov_ted_2_2015_0bc8d1,20150624,68000000,216700000,148700000,2.1867647058823527,3.1867647058823527
mov_teenage_mutant_ninja_turtles_2014_2849b1,20140729,125000000,493300000,368300000,2.9464,3.9464
mov_teenage_mutant_ninja_turtles_out_of_the_shadows_2016_8fbb7e,20160522,135000000,242500000,107500000,0.7962962962962963,1.7962962962962963
mov_terminator_genisys_2015_80a019,20150622,155000000,440600000,285600000,1.8425806451612903,2.8425806451612905
mov_texas_chainsaw_3d_2013_7680af,20130104,20000000,47200000,27200000,1.36,2.36
mov_that_awkward_moment_2014_93eb04,20140127,8000000,40500000,32500000,4.0625,5.0625
mov_the_33_2015_d3ccf6,20150806,26000000,24900000,-1100000,-0.04230769230769231,0.9576923076923077
mov_the_5th_wave_2016_4e216a,20160122,35000000,110700000,75700000,2.162857142857143,3.162857142857143
mov_the_age_of_adaline_2015_83bf3c,20150424,25000000,65700000,40700000,1.628,2.628
mov_the_amazing_spider_man_2012_660d52,20120703,230000000,757900000,527900000,2.2952173913043477,3.2952173913043477
mov_the_angry_birds_movie_2016_78c2b0,20160505,73000000,346900000,273900000,3.752054794520548,4.752054794520548
mov_the_best_exotic_marigold_hotel_2012_42409e,20120504,10000000,136800000,126800000,12.68,13.68
mov_the_big_short_2015_8be854,20151211,28000000,133300000,105300000,3.7607142857142857,4.760714285714286
mov_the_bling_ring_2013_dccda1,20130614,8000000,19100000,11100000,1.3875,2.3875
mov_the_book_of_life_2014_eed726,20141012,50000000,99800000,49800000,0.996,1.996
mov_the_boss_2016_87ae53,20160408,29000000,78600000,49600000,1.710344827586207,2.7103448275862068
mov_the_bourne_legacy_2012_819c98,20120810,125000000,276100000,151100000,1.2088,2.2088
mov_the_boxtrolls_2014_b06e20,20140831,60000000,109300000,49300000,0.8216666666666667,1.8216666666666668
mov_the_boy_2016_c0f841,20160122,10000000,64200000,54200000,5.42,6.42
mov_the_butler_2013_54d78b,20130816,30000000,176600000,146600000,4.886666666666667,5.886666666666667
mov_the_cabin_in_the_woods_2012_277dcc,20120413,30000000,66500000,36500000,1.2166666666666666,2.216666666666667
mov_the_call_2013_c11cc7,20130315,13000000,68600000,55600000,4.276923076923077,5.276923076923077
mov_the_campaign_2012_e8a482,20120810,95000000,104900000,9900000,0.10421052631578948,1.1042105263157895
mov_the_cold_light_of_day_2012_b87e12,20120907,20000000,16900000,-3100000,-0.155,0.845
mov_the_collection_2012_8b8a41,20121130,10000000,8900000,-1100000,-0.11,0.89
mov_the_conjuring_2013_5fd30d,20130719,20000000,318000000,298000000,14.9,15.9
mov_the_conjuring_2_2016_594a70,20160607,40000000,319500000,279500000,6.9875,7.9875
mov_the_croods_2013_cda5f8,20130322,135000000,587200000,452200000,3.3496296296296295,4.3496296296296295
mov_the_danish_girl_2015_b012a1,20150905,15000000,64200000,49200000,3.28,4.28
mov_the_darkness_2016_d6cddc,20160513,4000000,10900000,6900000,1.725,2.725
mov_the_devil_inside_2012_534f7a,20120106,1000000,101800000,100800000,100.8,101.8
mov_the_dictator_2012_5600ae,20120516,65000000,179400000,114400000,1.76,2.76
mov_the_divergent_series_allegiant_2016_706cad,20160318,110000000,179200000,69200000,0.6290909090909091,1.6290909090909091
mov_the_divergent_series_insurgent_2015_598875,20150319,110000000,297300000,187300000,1.7027272727272726,2.7027272727272726
mov_the_drop_2014_cf67f4,20140912,12600000,18700000,6100000,0.48412698412698413,1.4841269841269842
mov_the_duff_2015_997cae,20150212,8500000,43500000,35000000,4.117647058823529,5.117647058823529
mov_the_east_2013_fe1942,20130531,6500000,2400000,-4100000,-0.6307692307692307,0.36923076923076925
mov_the_equalizer_2014_79dcac,20140907,55000000,192300000,137300000,2.4963636363636366,3.4963636363636366
mov_the_expendables_2_2012_09c622,20120817,100000000,305400000,205400000,2.054,3.054
mov_the_expendables_3_2014_18b9f1,20140804,90000000,206200000,116200000,1.291111111111111,2.2911111111111113
mov_the_family_2013_80921b,20130913,30000000,78400000,48400000,1.6133333333333333,2.6133333333333333
mov_the_fault_in_our_stars_2014_451784,20140516,13000000,307200000,294200000,22.630769230769232,23.630769230769232
mov_the_five_year_engagement_2012_ddc212,20120427,30000000,53900000,23900000,0.7966666666666666,1.7966666666666666
mov_the_forest_2016_056526,20160108,10000000,37600000,27600000,2.76,3.76
mov_the_gift_2015_fd9914,20150730,5000000,59000000,54000000,10.8,11.8
mov_the_giver_2014_81bd10,20140811,25000000,67000000,42000000,1.68,2.68
mov_the_grand_budapest_hotel_2014_91d8cc,20140206,23000000,174800000,151800000,6.6,7.6
mov_the_great_gatsby_2013_5c9aae,20130510,105000000,351000000,246000000,2.342857142857143,3.342857142857143
mov_the_grey_2012_3dbb32,20120127,25000000,77300000,52300000,2.092,3.092
mov_the_gunman_2015_5d353b,20150320,40000000,24200000,-15800000,-0.395,0.605
mov_the_hangover_part_iii_2013_6413b0,20130523,103000000,362000000,259000000,2.5145631067961167,3.5145631067961167
mov_the_hateful_eight_2015_af07b3,20151225,44000000,155800000,111800000,2.540909090909091,3.540909090909091
mov_the_heat_2013_48cca6,20130628,43000000,229900000,186900000,4.346511627906977,5.346511627906977
mov_the_hobbit_the_battle_of_the_five_armies_2014_8354f9,20141201,250000000,956000000,706000000,2.824,3.824
mov_the_host_2013_276388,20130329,40000000,63300000,23300000,0.5825,1.5825
mov_the_hundred_foot_journey_2014_bdf373,20140808,22000000,88900000,66900000,3.040909090909091,4.040909090909091
mov_the_hunger_games_2012_aa4536,20120323,78000000,694400000,616400000,7.902564102564103,8.902564102564103
mov_the_hunger_games_mockingjay_part_1_2014_61fcfd,20141110,125000000,755400000,630400000,5.0432,6.0432
mov_the_hunger_games_mockingjay_part_2_2015_2d9d77,20151104,160000000,653400000,493400000,3.08375,4.08375
mov_the_huntsman_winter_s_war_2016_2ef25d,20160422,115000000,164600000,49600000,0.43130434782608695,1.431304347826087
mov_the_iceman_2013_f452a2,20130503,10000000,4400000,-5600000,-0.56,0.44
mov_the_identical_2014_f8dfcc,20140417,16000000,2800000,-13200000,-0.825,0.175
mov_the_imitation_game_2014_f85ea9,20140829,14000000,233600000,219600000,15.685714285714285,16.685714285714287
mov_the_impossible_2012_a08667,20121221,45000000,180300000,135300000,3.006666666666667,4.006666666666667
mov_the_incredible_burt_wonderstone_2013_e7def4,20130315,34000000,27400000,-6600000,-0.19411764705882353,0.8058823529411765
mov_the_infiltrator_2016_1ebf4b,20160713,47500000,15200000,-32300000,-0.68,0.32
mov_the_intern_2015_4dab2f,20150915,44000000,194600000,150600000,3.422727272727273,4.422727272727273
mov_the_internship_2013_a3a021,20130607,58000000,93000000,35000000,0.603448275862069,1.603448275862069
mov_the_interview_2014_af1059,20141211,44000000,11300000,-32700000,-0.7431818181818182,0.25681818181818183
mov_the_judge_2014_810634,20140904,50000000,84400000,34400000,0.688,1.688
mov_the_lady_in_the_van_2015_ba89f1,20151204,6000000,41400000,35400000,5.9,6.9
mov_the_last_exorcism_part_ii_2013_f93ad9,20130301,5000000,15100000,10100000,2.02,3.02
mov_the_last_stand_2013_d23463,20130118,45000000,48300000,3300000,0.07333333333333333,1.0733333333333333
mov_the_last_witch_hunter_2015_b2c97b,20151023,90000000,140400000,50400000,0.56,1.56
mov_the_lazarus_effect_2015_b17d69,20150227,3300000,38400000,35100000,10.636363636363637,11.636363636363637
mov_the_legend_of_hercules_2014_598273,20140110,70000000,61300000,-8700000,-0.12428571428571429,0.8757142857142857
mov_the_legend_of_tarzan_2016_093f1b,20160701,180000000,352700000,172700000,0.9594444444444444,1.9594444444444445
mov_the_lego_movie_2014_58c2ad,20140201,60000000,469200000,409200000,6.82,7.82
mov_the_letters_2015_bac2a6,20151204,1000000,1600000,600000,0.6,1.6
mov_the_lucky_one_2012_d3ad30,20120420,25000000,99400000,74400000,2.976,3.976
mov_the_man_from_u_n_c_l_e_2015_442955,20150807,75000000,109800000,34800000,0.464,1.464
mov_the_man_with_the_iron_fists_2012_06c447,20121102,20000000,20300000,300000,0.015,1.015
mov_the_martian_2015_8cbdee,20150911,108000000,630200000,522200000,4.8351851851851855,5.8351851851851855
mov_the_master_2012_3f508a,20120914,32000000,28300000,-3700000,-0.115625,0.884375
mov_the_maze_runner_2014_315be1,20140919,34000000,348300000,314300000,9.244117647058824,10.244117647058824
mov_the_mermaid_2016_9844f4,20160208,60720000,553800000,493080000,8.120553359683795,9.120553359683795
mov_the_monuments_men_2014_7dea8b,20140207,70000000,155000000,85000000,1.2142857142857142,2.2142857142857144
mov_the_mortal_instruments_city_of_bones_2013_de112f,20130821,60000000,90600000,30600000,0.51,1.51
mov_the_night_before_2015_a559a0,20151120,25000000,52400000,27400000,1.096,2.096
mov_the_november_man_2014_a19c46,20140827,15000000,34800000,19800000,1.32,2.32
mov_the_nut_job_2014_c60fca,20140111,42800000,120900000,78100000,1.824766355140187,2.824766355140187
mov_the_oogieloves_in_the_big_balloon_adventure_2012_59b17d,20120829,20000000,1100000,-18900000,-0.945,0.055
mov_the_other_woman_2014_0745cb,20140331,40000000,196700000,156700000,3.9175,4.9175
mov_the_peanuts_movie_2015_ae4a7b,20151101,99000000,246200000,147200000,1.486868686868687,2.4868686868686867
mov_the_perfect_guy_2015_e69b98,20150902,18000000,60300000,42300000,2.35,3.35
mov_the_perfect_match_2016_863618,20160311,5000000,10400000,5400000,1.08,2.08
mov_the_perks_of_being_a_wallflower_2012_d4f3fc,20120921,13000000,33400000,20400000,1.5692307692307692,2.5692307692307694
mov_the_pirates_band_of_misfits_2012_a2460b,20120427,55000000,123000000,68000000,1.2363636363636363,2.2363636363636363
mov_the_place_beyond_the_pines_2013_0655a6,20130329,15000000,47000000,32000000,2.1333333333333333,3.1333333333333333
mov_the_possession_2012_5c1aa2,20120831,14000000,78500000,64500000,4.607142857142857,5.607142857142857
mov_the_purge_2013_b01040,20130531,3000000,89300000,86300000,28.766666666666666,29.766666666666666
mov_the_purge_election_year_2016_10f2cc,20160701,10000000,105600000,95600000,9.56,10.56
mov_the_raid_2_2014_e68838,20140121,4500000,6600000,2100000,0.4666666666666667,1.4666666666666666
mov_the_raid_redemption_2012_63a244,20120323,1100000,9140000,8040000,7.3090909090909095,8.309090909090909
mov_the_raven_2012_430097,20120427,26000000,29700000,3700000,0.1423076923076923,1.1423076923076922
mov_the_revenant_2015_07d951,20151225,135000000,533000000,398000000,2.948148148148148,3.948148148148148
mov_the_second_best_exotic_marigold_hotel_2015_d8e873,20150226,10000000,86000000,76000000,7.6,8.6
mov_the_second_mother_2015_7313da,20150125,4000000,6200000,2200000,0.55,1.55
mov_the_secret_life_of_pets_2016_7deb7e,20160708,75000000,724900000,649900000,8.665333333333333,9.665333333333333
mov_the_secret_world_of_arrietty_2012_7f4494,20120217,23000000,145600000,122600000,5.3304347826086955,6.3304347826086955
mov_the_shallows_2016_a1304f,20160621,17000000,93200000,76200000,4.482352941176471,5.482352941176471
mov_the_signal_2014_59e157,20140120,4000000,2420000,-1580000,-0.395,0.605
mov_the_single_moms_club_2014_75069a,20140314,8000000,16300000,8300000,1.0375,2.0375
mov_the_smurfs_2_2013_0b8d45,20130731,105000000,347500000,242500000,2.3095238095238093,3.3095238095238093
mov_the_spectacular_now_2013_72e0cb,20130802,2500000,6900000,4400000,1.76,2.76
mov_the_spongebob_movie_sponge_out_of_water_2015_928be1,20150206,74000000,323400000,249400000,3.3702702702702703,4.370270270270271
mov_the_sweet_escape_2015_ae4805,20150610,3800000,3300000,-500000,-0.13157894736842105,0.868421052631579
mov_the_theory_of_everything_2014_dd130c,20140907,15000000,123700000,108700000,7.246666666666667,8.246666666666666
mov_the_three_stooges_2012_84bdd7,20120413,30000000,54800000,24800000,0.8266666666666667,1.8266666666666667
mov_the_transporter_refueled_2015_0de5eb,20150904,25000000,72600000,47600000,1.904,2.904
mov_the_twilight_saga_breaking_dawn_part_2_2012_2a8a9b,20121116,120000000,829700000,709700000,5.914166666666667,6.914166666666667
mov_the_vatican_tapes_2015_56edbb,20150725,13000000,13500000,500000,0.038461538461538464,1.0384615384615385
mov_the_visit_2015_009175,20150908,5000000,98500000,93500000,18.7,19.7
mov_the_walk_2015_dd20b4,20150930,45000000,61200000,16200000,0.36,1.36
mov_the_watch_2012_844eef,20120727,68000000,68300000,300000,0.004411764705882353,1.0044117647058823
mov_the_water_diviner_2014_adc683,20141226,22500000,30800000,8300000,0.3688888888888889,1.3688888888888888
mov_the_way_way_back_2013_f33bca,20130705,5000000,5000000,0,0.0,1.0
mov_the_wedding_ringer_2015_7b0cc7,20150116,23000000,79800000,56800000,2.4695652173913043,3.4695652173913043
mov_the_witch_2016_8a47a4,20160127,3000000,40400000,37400000,12.466666666666667,13.466666666666667
mov_the_wolverine_2013_2c5765,20130724,120000000,414800000,294800000,2.4566666666666666,3.4566666666666666
mov_the_woman_in_black_2012_ddca43,20120203,15000000,128500000,113500000,7.566666666666666,8.566666666666666
mov_the_woman_in_black_angel_of_death_2014_203c42,20141230,15000000,48900000,33900000,2.26,3.26
mov_the_world_s_end_2013_63b63e,20130719,20000000,46100000,26100000,1.305,2.305
mov_the_young_messiah_2016_3d45b3,20160311,18500000,7200000,-11300000,-0.6108108108108108,0.3891891891891892
mov_think_like_a_man_2012_c4f494,20120420,12000000,96100000,84100000,7.008333333333334,8.008333333333333
mov_this_is_the_end_2013_a415ec,20130612,32000000,126000000,94000000,2.9375,3.9375
mov_this_is_where_i_leave_you_2014_132a91,20140919,19800000,41300000,21500000,1.0858585858585859,2.085858585858586
mov_this_means_war_2012_c8f657,20120217,65000000,156500000,91500000,1.4076923076923078,2.4076923076923076
mov_top_five_2014_e54b14,20140906,12000000,26100000,14100000,1.175,2.175
mov_top_gun_3d_2013_81d7c8,20130208,15000000,356800000,341800000,22.786666666666665,23.786666666666665
mov_total_recall_2012_a15016,20120803,125000000,198500000,73500000,0.588,1.588
mov_trance_2013_fa7bda,20130327,20000000,24300000,4300000,0.215,1.215
mov_transcendence_2014_5fe514,20140410,100000000,103000000,3000000,0.03,1.03
mov_triple_9_2016_080f02,20160216,20000000,23400000,3400000,0.17,1.17
mov_trouble_with_the_curve_2012_942da7,20120921,60000000,49000000,-11000000,-0.18333333333333332,0.8166666666666667
mov_trumbo_2015_aa1025,20150912,15000000,8200000,-6800000,-0.4533333333333333,0.5466666666666666
mov_truth_2015_ce12bd,20150912,9600000,5400000,-4200000,-0.4375,0.5625
mov_turbo_2013_204a18,20130717,127000000,282600000,155600000,1.2251968503937007,2.2251968503937007
mov_tusk_2014_0f943b,20140906,3000000,1900000,-1100000,-0.36666666666666664,0.6333333333333333
mov_unbroken_2014_7241db,20141117,65000000,163400000,98400000,1.5138461538461538,2.513846153846154
mov_unfinished_business_2015_b3d317,20150306,35000000,14400000,-20600000,-0.5885714285714285,0.4114285714285714
mov_unfriended_2014_9391ee,20140720,1000000,64100000,63100000,63.1,64.1
mov_vacation_2015_f014f5,20150729,31000000,104900000,73900000,2.3838709677419354,3.3838709677419354
mov_vampire_academy_2014_e7d4e0,20140207,30000000,15400000,-14600000,-0.4866666666666667,0.5133333333333333
mov_veronica_mars_2014_4a7494,20140314,6000000,3500000,-2500000,-0.4166666666666667,0.5833333333333334
mov_victor_frankenstein_2015_527889,20151125,40000000,34200000,-5800000,-0.145,0.855
mov_wanderlust_2012_f1a740,20120224,35000000,24200000,-10800000,-0.30857142857142855,0.6914285714285714
mov_war_dogs_2016_34d564,20160819,40000000,42700000,2700000,0.0675,1.0675
mov_war_room_2015_880ea5,20150828,3000000,73700000,70700000,23.566666666666666,24.566666666666666
mov_warcraft_2016_d79cc7,20160610,160000000,433500000,273500000,1.709375,2.709375
mov_warm_bodies_2013_d8df43,20130201,35000000,117000000,82000000,2.342857142857143,3.342857142857143
mov_what_maisie_knew_2013_6755ed,20130503,5000000,2700000,-2300000,-0.46,0.54
mov_what_to_expect_when_you_re_expecting_2012_fa363e,20120518,40000000,84400000,44400000,1.11,2.11
mov_when_the_game_stands_tall_2014_10162a,20140804,15000000,30100000,15100000,1.0066666666666666,2.006666666666667
mov_whiplash_2014_365fea,20140116,3300000,49000000,45700000,13.848484848484848,14.848484848484848
mov_whiskey_tango_foxtrot_2016_9d0f8d,20160304,35000000,24900000,-10100000,-0.2885714285714286,0.7114285714285714
mov_white_house_down_2013_5a027b,20130628,150000000,205000000,55000000,0.36666666666666664,1.3666666666666667
mov_wild_2014_8ab4f5,20140829,15000000,52500000,37500000,2.5,3.5
mov_winter_s_tale_2014_685fd0,20140213,60000000,31100000,-28900000,-0.4816666666666667,0.5183333333333333
mov_wish_i_was_here_2014_ba063a,20140118,6000000,5500000,-500000,-0.08333333333333333,0.9166666666666666
mov_woman_in_gold_2015_d3a7b1,20150401,11000000,61600000,50600000,4.6,5.6
mov_won_t_back_down_2012_82e152,20120928,19000000,5400000,-13600000,-0.7157894736842105,0.28421052631578947
mov_woodlawn_2015_802501,20151016,13000000,14400000,1400000,0.1076923076923077,1.1076923076923078
mov_world_war_z_2013_f45179,20130621,190000000,540000000,350000000,1.8421052631578947,2.8421052631578947
mov_wrath_of_the_titans_2012_da9e68,20120330,150000000,305300000,155300000,1.0353333333333334,2.0353333333333334
mov_x_men_apocalypse_2016_70b605,20160509,178000000,544600000,366600000,2.059550561797753,3.059550561797753
mov_x_men_days_of_future_past_2014_6904dc,20140510,200000000,747900000,547900000,2.7395,3.7395
mov_you_re_next_2013_b6035f,20130823,1000000,26800000,25800000,25.8,26.8
mov_zero_dark_thirty_2012_0b8eb0,20121219,40000000,132800000,92800000,2.32,3.32
mov_zhong_kui_snow_girl_and_the_dark_crystal_2015_cfd2f5,20150219,30000000,64470000,34470000,1.149,2.149
mov_zoolander_2_2016_177880,20160212,50000000,56000000,6000000,0.12,1.12
